Unique_ID,Application,Replicates,Tube_Specific_ID,Freezer,Stage,Rack,Drawer,Slot,Box,Position,Used,Batch_sample_processed
HYG_001,Proteomic,1,1,F1,1,1,1,1,Proteomic_1,1A,No,
HYG_001,Proteomic,2,2,F1,1,1,1,1,Proteomic_1,2A,No,
HYG_001,Metabolomic,1,4,F1,3,1,1,1,Metabolomic_1,1A,No,
HYG_001,Metabolomic,2,5,F1,3,1,1,1,Metabolomic_1,2A,No,
HYG_001,Transcriptomic,1,13,F1,2,1,1,1,Transcriptomic_1,1A,No,
HYG_001,Transcriptomic,2,14,F1,2,1,1,1,Transcriptomic_1,2A,No,
HYG_001,Genomic,1,22,F1,2,1,5,1,Genomic_1,1A,No,
HYG_001,Genomic,2,23,F1,2,1,5,1,Genomic_1,2A,No,
HYG_001,Metagenomic,1,33,F1,4,2,6,1,Metagenomic_1,1,No,
HYG_002,Proteomic,1,37,F1,1,1,1,1,Proteomic_1,4A,No,
HYG_002,Proteomic,2,38,F1,1,1,1,1,Proteomic_1,5A,No,
HYG_002,Metabolomic,1,40,F1,3,1,1,1,Metabolomic_1,7A,No,
HYG_002,Metabolomic,2,41,F1,3,1,1,1,Metabolomic_1,8A,No,
HYG_002,Transcriptomic,1,47,F1,2,1,1,1,Transcriptomic_1,1B,No,
HYG_002,Transcriptomic,2,48,F1,2,1,1,1,Transcriptomic_1,2B,No,
HYG_002,Genomic,1,53,F1,2,1,5,1,Genomic_1,7A,No,
HYG_002,Genomic,2,54,F1,2,1,5,1,Genomic_1,8A,No,
HYG_002,Metagenomic,1,59,F1,4,1,1,1,Metagenomic_1,2,No,
HYG_003,Proteomic,1,61,F1,1,1,1,1,Proteomic_1,7A,No,
HYG_003,Proteomic,2,62,F1,1,1,1,1,Proteomic_1,8A,No,
HYG_003,Metabolomic,1,64,F1,3,1,1,1,Metabolomic_1,2B,No,
HYG_003,Metabolomic,2,65,F1,3,1,1,1,Metabolomic_1,3B,No,
HYG_003,Transcriptomic,1,71,F1,2,1,1,1,Transcriptomic_1,7B,No,
HYG_003,Transcriptomic,2,72,F1,2,1,1,1,Transcriptomic_1,8B,No,
HYG_003,Genomic,1,77,F1,2,1,5,1,Genomic_1,1B,No,
HYG_003,Genomic,2,78,F1,2,1,5,1,Genomic_1,2B,No,
HYG_003,Metagenomic,1,83,F1,4,1,1,1,Metagenomic_1,3,No,
HYG_004,Proteomic,1,85,F1,1,1,1,1,Proteomic_1,1B,No,
HYG_004,Proteomic,2,86,F1,1,1,1,1,Proteomic_1,2B,No,
HYG_004,Metabolomic,1,88,F1,3,1,1,1,Metabolomic_1,6B,No,
HYG_004,Metabolomic,2,89,F1,3,1,1,1,Metabolomic_1,7B,No,
HYG_004,Transcriptomic,1,95,F1,2,1,1,1,Transcriptomic_1,4C,No,
HYG_004,Transcriptomic,2,96,F1,2,1,1,1,Transcriptomic_1,5C,No,
HYG_004,Genomic,1,101,F1,2,1,5,1,Genomic_1,4B,No,
HYG_004,Genomic,2,102,F1,2,1,5,1,Genomic_1,5B,No,
HYG_004,Metagenomic,1,107,F1,4,1,1,1,Metagenomic_1,4,No,
HYG_005,Proteomic,1,109,F1,1,1,1,2,Proteomic_1,4B,No,
HYG_005,Proteomic,2,110,F1,1,1,1,2,Proteomic_1,5B,No,
HYG_005,Metabolomic,1,112,F1,3,1,1,2,Metabolomic_1,1C,No,
HYG_005,Metabolomic,2,113,F1,3,1,1,2,Metabolomic_1,2C,No,
HYG_005,Transcriptomic,1,119,F1,2,1,1,1,Transcriptomic_1,1D,No,
HYG_005,Transcriptomic,2,120,F1,2,1,1,1,Transcriptomic_1,2D,No,
HYG_005,Genomic,1,125,F1,2,1,5,1,Genomic_1,7B,No,
HYG_005,Genomic,2,126,F1,2,1,5,1,Genomic_1,8B,No,
HYG_005,Metagenomic,1,131,F1,4,1,1,1,Metagenomic_1,5,No,
HYG_006,Proteomic,1,133,F1,1,1,1,2,Proteomic_1,7B,No,
HYG_006,Proteomic,2,134,F1,1,1,1,2,Proteomic_1,8B,No,
HYG_006,Metabolomic,1,136,F1,3,1,1,2,Metabolomic_1,5C,No,
HYG_006,Metabolomic,2,137,F1,3,1,1,2,Metabolomic_1,6C,No,
HYG_006,Transcriptomic,1,143,F1,2,1,1,1,Transcriptomic_1,7D,No,
HYG_006,Transcriptomic,2,144,F1,2,1,1,1,Transcriptomic_1,8D,No,
HYG_006,Genomic,1,149,F1,2,1,5,1,Genomic_1,1C,No,
HYG_006,Genomic,2,150,F1,2,1,5,1,Genomic_1,2C,No,
HYG_006,Metagenomic,1,155,F1,4,1,1,1,Metagenomic_1,6,No,
HYG_008,Proteomic,1,181,F1,1,1,1,1,Proteomic_1,1C,No,
HYG_008,Proteomic,2,182,F1,1,1,1,1,Proteomic_1,2C,No,
HYG_008,Metabolomic,1,184,F1,3,1,1,1,Metabolomic_1,9C,No,
HYG_008,Metabolomic,2,185,F1,3,1,1,1,Metabolomic_1,1D,No,
HYG_008,Transcriptomic,1,191,F1,2,1,1,1,Transcriptomic_1,4E,No,
HYG_008,Transcriptomic,2,192,F1,2,1,1,1,Transcriptomic_1,5E,No,
HYG_008,Genomic,1,197,F1,2,1,5,1,Genomic_1,4C,No,
HYG_008,Genomic,2,198,F1,2,1,5,1,Genomic_1,5C,No,
HYG_008,Metagenomic,1,203,F1,4,1,1,1,Metagenomic_1,7,No,
HYG_009,Proteomic,1,205,F1,1,1,1,1,Proteomic_1,4C,No,
HYG_009,Proteomic,2,206,F1,1,1,1,1,Proteomic_1,5C,No,
HYG_009,Metabolomic,1,208,F1,3,1,1,1,Metabolomic_1,4D,No,
HYG_009,Metabolomic,2,209,F1,3,1,1,1,Metabolomic_1,5D,No,
HYG_009,Transcriptomic,1,215,F1,2,1,1,1,Transcriptomic_1,1F,No,
HYG_009,Transcriptomic,2,216,F1,2,1,1,1,Transcriptomic_1,2F,No,
HYG_009,Genomic,1,221,F1,2,1,5,1,Genomic_1,7C,No,
HYG_009,Genomic,2,222,F1,2,1,5,1,Genomic_1,8C,No,
HYG_009,Metagenomic,1,227,F1,4,1,1,1,Metagenomic_1,8,No,
HYG_010,Proteomic,1,229,F1,1,1,1,1,Proteomic_1,7C,No,
HYG_010,Proteomic,2,230,F1,1,1,1,1,Proteomic_1,8C,No,
HYG_010,Metabolomic,1,232,F1,3,1,1,1,Metabolomic_1,8D,No,
HYG_010,Metabolomic,2,233,F1,3,1,1,1,Metabolomic_1,9D,No,
HYG_010,Transcriptomic,1,239,F1,2,1,1,1,Transcriptomic_1,7F,No,
HYG_010,Transcriptomic,2,240,F1,2,1,1,1,Transcriptomic_1,8F,No,
HYG_010,Genomic,1,245,F1,2,1,5,1,Genomic_1,1D,No,
HYG_010,Genomic,2,246,F1,2,1,5,1,Genomic_1,2D,No,
HYG_010,Metagenomic,1,251,F1,4,1,1,1,Metagenomic_1,9,No,
HYG_011,Proteomic,1,253,F1,1,1,1,1,Proteomic_1,1D,No,
HYG_011,Proteomic,2,254,F1,1,1,1,1,Proteomic_1,2D,No,
HYG_011,Metabolomic,1,256,F1,3,1,1,1,Metabolomic_1,3E,No,
HYG_011,Metabolomic,2,257,F1,3,1,1,1,Metabolomic_1,4E,No,
HYG_011,Transcriptomic,1,263,F1,2,1,1,1,Transcriptomic_1,4G,No,
HYG_011,Transcriptomic,2,264,F1,2,1,1,1,Transcriptomic_1,5G,No,
HYG_011,Genomic,1,269,F1,2,1,5,1,Genomic_1,4D,No,
HYG_011,Genomic,2,270,F1,2,1,5,1,Genomic_1,5D,No,
HYG_011,Metagenomic,1,275,F1,4,1,1,1,Metagenomic_1,10,No,
HYG_012,Proteomic,1,277,F1,1,1,1,1,Proteomic_1,4D,No,
HYG_012,Proteomic,2,278,F1,1,1,1,1,Proteomic_1,5D,No,
HYG_012,Metabolomic,1,280,F1,3,1,1,1,Metabolomic_1,7E,No,
HYG_012,Metabolomic,2,281,F1,3,1,1,1,Metabolomic_1,8E,No,
HYG_012,Transcriptomic,1,287,F1,2,1,1,1,Transcriptomic_1,1H,No,
HYG_012,Transcriptomic,2,288,F1,2,1,1,1,Transcriptomic_1,2H,No,
HYG_012,Genomic,1,293,F1,2,1,5,1,Genomic_1,7D,No,
HYG_012,Genomic,2,294,F1,2,1,5,1,Genomic_1,8D,No,
HYG_012,Metagenomic,1,299,F1,4,1,1,1,Metagenomic_1,11,No,
HYG_013,Proteomic,1,301,F1,1,1,1,1,Proteomic_1,7D,No,
HYG_013,Proteomic,2,302,F1,1,1,1,1,Proteomic_1,8D,No,
HYG_013,Metabolomic,1,304,F1,3,1,1,1,Metabolomic_1,2F,No,
HYG_013,Metabolomic,2,305,F1,3,1,1,1,Metabolomic_1,3F,No,
HYG_013,Transcriptomic,1,311,F1,2,1,1,1,Transcriptomic_1,7H,No,
HYG_013,Transcriptomic,2,312,F1,2,1,1,1,Transcriptomic_1,8H,No,
HYG_013,Genomic,1,317,F1,2,1,5,1,Genomic_1,1E,No,
HYG_013,Genomic,2,318,F1,2,1,5,1,Genomic_1,2E,No,
HYG_013,Metagenomic,1,323,F1,4,1,1,1,Metagenomic_1,12,No,
HYG_014,Proteomic,1,325,F1,1,1,1,1,Proteomic_1,1E,No,
HYG_014,Proteomic,2,326,F1,1,1,1,1,Proteomic_1,2E,No,
HYG_014,Metabolomic,1,328,F1,3,1,1,1,Metabolomic_1,6F,No,
HYG_014,Metabolomic,2,329,F1,3,1,1,1,Metabolomic_1,7F,No,
HYG_014,Transcriptomic,1,335,F1,2,1,1,1,Transcriptomic_1,4I,No,
HYG_014,Transcriptomic,2,336,F1,2,1,1,1,Transcriptomic_1,5I,No,
HYG_014,Genomic,1,341,F1,2,1,5,1,Genomic_1,4E,No,
HYG_014,Genomic,2,342,F1,2,1,5,1,Genomic_1,5E,No,
HYG_014,Metagenomic,1,347,F1,4,1,1,1,Metagenomic_1,13,No,
HYG_015,Proteomic,1,349,F1,1,1,1,1,Proteomic_1,4E,No,
HYG_015,Proteomic,2,350,F1,1,1,1,1,Proteomic_1,5E,No,
HYG_015,Metabolomic,1,352,F1,3,1,1,1,Metabolomic_1,1G,No,
HYG_015,Metabolomic,2,353,F1,3,1,1,1,Metabolomic_1,2G,No,
HYG_015,Transcriptomic,1,359,F1,2,1,1,2,Transcriptomic_2,1A,No,
HYG_015,Transcriptomic,2,360,F1,2,1,1,2,Transcriptomic_2,2A,No,
HYG_015,Genomic,1,365,F1,2,1,5,1,Genomic_1,7E,No,
HYG_015,Genomic,2,366,F1,2,1,5,1,Genomic_1,8E,No,
HYG_015,Metagenomic,1,371,F1,4,1,1,1,Metagenomic_1,14,No,
HYG_016,Proteomic,1,373,F1,1,1,1,1,Proteomic_1,7E,No,
HYG_016,Proteomic,2,374,F1,1,1,1,1,Proteomic_1,8E,No,
HYG_016,Metabolomic,1,376,F1,3,1,1,1,Metabolomic_1,5G,No,
HYG_016,Metabolomic,2,377,F1,3,1,1,1,Metabolomic_1,6G,No,
HYG_016,Transcriptomic,1,383,F1,2,1,1,2,Transcriptomic_2,7A,No,
HYG_016,Transcriptomic,2,384,F1,2,1,1,2,Transcriptomic_2,8A,No,
HYG_016,Genomic,1,389,F1,2,1,5,1,Genomic_1,1F,No,
HYG_016,Genomic,2,390,F1,2,1,5,1,Genomic_1,2F,No,
HYG_016,Metagenomic,1,395,F1,4,1,1,1,Metagenomic_1,15,No,
HYG_017,Proteomic,1,397,F1,1,1,1,1,Proteomic_1,1F,No,
HYG_017,Proteomic,2,398,F1,1,1,1,1,Proteomic_1,2F,No,
HYG_017,Metabolomic,1,400,F1,3,1,1,1,Metabolomic_1,9G,No,
HYG_017,Metabolomic,2,401,F1,3,1,1,1,Metabolomic_1,1H,No,
HYG_017,Transcriptomic,1,407,F1,2,1,1,2,Transcriptomic_2,4B,No,
HYG_017,Transcriptomic,2,408,F1,2,1,1,2,Transcriptomic_2,5B,No,
HYG_017,Genomic,1,413,F1,2,1,5,1,Genomic_1,4F,No,
HYG_017,Genomic,2,414,F1,2,1,5,1,Genomic_1,5F,No,
HYG_017,Metagenomic,1,419,F1,4,1,1,1,Metagenomic_1,16,No,
HYG_018,Proteomic,1,421,F1,1,1,1,1,Proteomic_1,4F,No,
HYG_018,Proteomic,2,422,F1,1,1,1,1,Proteomic_1,5F,No,
HYG_018,Metabolomic,1,424,F1,3,1,1,1,Metabolomic_1,4H,No,
HYG_018,Metabolomic,2,425,F1,3,1,1,1,Metabolomic_1,5H,No,
HYG_018,Transcriptomic,1,431,F1,2,1,1,2,Transcriptomic_2,1C,No,
HYG_018,Transcriptomic,2,432,F1,2,1,1,2,Transcriptomic_2,2C,No,
HYG_018,Genomic,1,437,F1,2,1,5,1,Genomic_1,7F,No,
HYG_018,Genomic,2,438,F1,2,1,5,1,Genomic_1,8F,No,
HYG_018,Metagenomic,1,443,F1,4,1,1,1,Metagenomic_1,17,No,
HYG_019,Proteomic,1,445,F1,1,1,1,1,Proteomic_1,7F,No,
HYG_019,Proteomic,2,446,F1,1,1,1,1,Proteomic_1,8F,No,
HYG_019,Metabolomic,1,448,F1,3,1,1,1,Metabolomic_1,8H,No,
HYG_019,Metabolomic,2,449,F1,3,1,1,1,Metabolomic_1,9H,No,
HYG_019,Transcriptomic,1,455,F1,2,1,1,2,Transcriptomic_2,7C,No,
HYG_019,Transcriptomic,2,456,F1,2,1,1,2,Transcriptomic_2,8C,No,
HYG_019,Genomic,1,461,F1,2,1,5,1,Genomic_1,1G,No,
HYG_019,Genomic,2,462,F1,2,1,5,1,Genomic_1,2G,No,
HYG_019,Metagenomic,1,467,F1,4,1,1,1,Metagenomic_1,18,No,
HYG_020,Proteomic,1,469,F1,1,1,1,1,Proteomic_1,1G,No,
HYG_020,Proteomic,2,470,F1,1,1,1,1,Proteomic_1,2G,No,
HYG_020,Metabolomic,1,472,F1,3,1,1,1,Metabolomic_1,3I,No,
HYG_020,Metabolomic,2,473,F1,3,1,1,1,Metabolomic_1,4I,No,
HYG_020,Transcriptomic,1,479,F1,2,1,1,2,Transcriptomic_2,4D,No,
HYG_020,Transcriptomic,2,480,F1,2,1,1,2,Transcriptomic_2,5D,No,
HYG_020,Genomic,1,485,F1,2,1,5,1,Genomic_1,4G,No,
HYG_020,Genomic,2,486,F1,2,1,5,1,Genomic_1,5G,No,
HYG_020,Metagenomic,1,491,F1,4,1,1,1,Metagenomic_1,19,No,
HYG_021,Proteomic,1,493,F1,1,1,1,1,Proteomic_1,4G,No,
HYG_021,Proteomic,2,494,F1,1,1,1,1,Proteomic_1,5G,No,
HYG_021,Metabolomic,1,496,F1,3,1,1,1,Metabolomic_1,7I,No,
HYG_021,Metabolomic,2,497,F1,3,1,1,1,Metabolomic_1,8I,No,
HYG_021,Transcriptomic,1,503,F1,2,1,1,2,Transcriptomic_2,1E,No,
HYG_021,Transcriptomic,2,504,F1,2,1,1,2,Transcriptomic_2,2E,No,
HYG_021,Genomic,1,509,F1,2,1,5,1,Genomic_1,7G,No,
HYG_021,Genomic,2,510,F1,2,1,5,1,Genomic_1,8G,No,
HYG_021,Metagenomic,1,515,F1,4,1,1,1,Metagenomic_1,20,No,
HYG_022,Proteomic,1,517,F1,1,1,1,1,Proteomic_1,7G,No,
HYG_022,Proteomic,2,518,F1,1,1,1,1,Proteomic_1,8G,No,
HYG_022,Metabolomic,1,520,F1,3,1,1,2,Metabolomic_2,2A,No,
HYG_022,Metabolomic,2,521,F1,3,1,1,2,Metabolomic_2,3A,No,
HYG_022,Transcriptomic,1,527,F1,2,1,1,2,Transcriptomic_2,7E,No,
HYG_022,Transcriptomic,2,528,F1,2,1,1,2,Transcriptomic_2,8E,No,
HYG_022,Genomic,1,533,F1,2,1,5,1,Genomic_1,1H,No,
HYG_022,Genomic,2,534,F1,2,1,5,1,Genomic_1,2H,No,
HYG_022,Metagenomic,1,539,F1,4,1,1,1,Metagenomic_1,21,No,
HYG_023,Proteomic,1,541,F1,1,1,1,1,Proteomic_1,1H,No,
HYG_023,Proteomic,2,542,F1,1,1,1,1,Proteomic_1,2H,No,
HYG_023,Metabolomic,1,544,F1,3,1,1,2,Metabolomic_2,6A,No,
HYG_023,Metabolomic,2,545,F1,3,1,1,2,Metabolomic_2,7A,No,
HYG_023,Transcriptomic,1,551,F1,2,1,1,2,Transcriptomic_2,4F,No,
HYG_023,Transcriptomic,2,552,F1,2,1,1,2,Transcriptomic_2,5F,No,
HYG_023,Genomic,1,557,F1,2,1,5,1,Genomic_1,4H,No,
HYG_023,Genomic,2,558,F1,2,1,5,1,Genomic_1,5H,No,
HYG_023,Metagenomic,1,563,F1,4,1,1,1,Metagenomic_1,22,No,
HYG_024,Proteomic,1,565,F1,1,1,1,1,Proteomic_1,4H,No,
HYG_024,Proteomic,2,566,F1,1,1,1,1,Proteomic_1,5H,No,
HYG_024,Metabolomic,1,568,F1,3,1,1,2,Metabolomic_2,1B,No,
HYG_024,Metabolomic,2,569,F1,3,1,1,2,Metabolomic_2,2B,No,
HYG_024,Transcriptomic,1,575,F1,2,1,1,2,Transcriptomic_2,1G,No,
HYG_024,Transcriptomic,2,576,F1,2,1,1,2,Transcriptomic_2,2G,No,
HYG_024,Genomic,1,581,F1,2,1,5,1,Genomic_1,7H,No,
HYG_024,Genomic,2,582,F1,2,1,5,1,Genomic_1,8H,No,
HYG_024,Metagenomic,1,587,F1,4,1,1,1,Metagenomic_1,23,No,
HYG_025,Proteomic,1,589,F1,1,1,1,1,Proteomic_1,7H,No,
HYG_025,Proteomic,2,590,F1,1,1,1,1,Proteomic_1,8H,No,
HYG_025,Metabolomic,1,592,F1,3,1,1,2,Metabolomic_2,5B,No,
HYG_025,Metabolomic,2,593,F1,3,1,1,2,Metabolomic_2,6B,No,
HYG_025,Transcriptomic,1,599,F1,2,1,1,2,Transcriptomic_2,7G,No,
HYG_025,Transcriptomic,2,600,F1,2,1,1,2,Transcriptomic_2,8G,No,
HYG_025,Genomic,1,605,F1,2,1,5,1,Genomic_1,1I,No,
HYG_025,Genomic,2,606,F1,2,1,5,1,Genomic_1,2I,No,
HYG_025,Metagenomic,1,611,F1,4,1,1,1,Metagenomic_1,24,No,
HYG_026,Proteomic,1,613,F1,1,1,1,1,Proteomic_1,1I,No,
HYG_026,Proteomic,2,614,F1,1,1,1,1,Proteomic_1,2I,No,
HYG_026,Metabolomic,1,616,F1,3,1,1,2,Metabolomic_2,9B,No,
HYG_026,Metabolomic,2,617,F1,3,1,1,2,Metabolomic_2,1C,No,
HYG_026,Transcriptomic,1,623,F1,2,1,1,2,Transcriptomic_2,4H,No,
HYG_026,Transcriptomic,2,624,F1,2,1,1,2,Transcriptomic_2,5H,No,
HYG_026,Genomic,1,629,F1,2,1,5,1,Genomic_1,4I,No,
HYG_026,Genomic,2,630,F1,2,1,5,1,Genomic_1,5I,No,
HYG_026,Metagenomic,1,635,F1,4,1,1,2,Metagenomic_1,25,No,
HYG_027,Proteomic,1,637,F1,1,1,1,1,Proteomic_1,4I,No,
HYG_027,Proteomic,2,638,F1,1,1,1,1,Proteomic_1,5I,No,
HYG_027,Metabolomic,1,640,F1,3,1,1,2,Metabolomic_2,4C,No,
HYG_027,Metabolomic,2,641,F1,3,1,1,2,Metabolomic_2,5C,No,
HYG_027,Transcriptomic,1,647,F1,2,1,1,2,Transcriptomic_2,1I,No,
HYG_027,Transcriptomic,2,648,F1,2,1,1,2,Transcriptomic_2,2I,No,
HYG_027,Genomic,1,653,F1,2,1,5,1,Genomic_1,7I,No,
HYG_027,Genomic,2,654,F1,2,1,5,1,Genomic_1,8I,No,
HYG_027,Metagenomic,1,659,F1,4,1,1,2,Metagenomic_2,1,No,
HYG_028,Proteomic,1,685,F1,1,1,1,2,Proteomic_2,1A,No,
HYG_028,Proteomic,2,686,F1,1,1,1,2,Proteomic_2,2A,No,
HYG_028,Metabolomic,1,688,F1,3,1,1,2,Metabolomic_2,3D,No,
HYG_028,Metabolomic,2,689,F1,3,1,1,2,Metabolomic_2,4D,No,
HYG_028,Transcriptomic,1,695,F1,2,1,1,3,Transcriptomic_3,4A,No,
HYG_028,Transcriptomic,2,696,F1,2,1,1,3,Transcriptomic_3,5A,No,
HYG_028,Genomic,1,701,F1,2,1,5,2,Genomic_2,4A,No,
HYG_028,Genomic,2,702,F1,2,1,5,2,Genomic_2,5A,No,
HYG_028,Metagenomic,1,707,F1,4,1,1,2,Metagenomic_2,3,No,
HYG_029,Proteomic,1,709,F1,1,1,1,2,Proteomic_2,4A,No,
HYG_029,Proteomic,2,710,F1,1,1,1,2,Proteomic_2,5A,No,
HYG_029,Metabolomic,1,712,F1,3,1,1,2,Metabolomic_2,7D,No,
HYG_029,Metabolomic,2,713,F1,3,1,1,2,Metabolomic_2,8D,No,
HYG_029,Transcriptomic,1,719,F1,2,1,1,3,Transcriptomic_3,1B,No,
HYG_029,Transcriptomic,2,720,F1,2,1,1,3,Transcriptomic_3,2B,No,
HYG_029,Genomic,1,725,F1,2,1,5,2,Genomic_2,7A,No,
HYG_029,Genomic,2,726,F1,2,1,5,2,Genomic_2,8A,No,
HYG_029,Metagenomic,1,731,F1,4,1,1,2,Metagenomic_2,4,No,
HYG_030,Proteomic,1,733,F1,1,1,1,2,Proteomic_2,7A,No,
HYG_030,Proteomic,2,734,F1,1,1,1,2,Proteomic_2,8A,No,
HYG_030,Metabolomic,1,736,F1,3,1,1,2,Metabolomic_2,2E,No,
HYG_030,Metabolomic,2,737,F1,3,1,1,2,Metabolomic_2,3E,No,
HYG_030,Transcriptomic,1,743,F1,2,1,1,3,Transcriptomic_3,7B,No,
HYG_030,Transcriptomic,2,744,F1,2,1,1,3,Transcriptomic_3,8B,No,
HYG_030,Genomic,1,749,F1,2,1,5,2,Genomic_2,1B,No,
HYG_030,Genomic,2,750,F1,2,1,5,2,Genomic_2,2B,No,
HYG_030,Metagenomic,1,755,F1,4,1,1,2,Metagenomic_2,5,No,
HYG_031,Proteomic,1,757,F1,1,1,1,2,Proteomic_2,1B,No,
HYG_031,Proteomic,2,758,F1,1,1,1,2,Proteomic_2,2B,No,
HYG_031,Metabolomic,1,760,F1,3,1,1,2,Metabolomic_2,6E,No,
HYG_031,Metabolomic,2,761,F1,3,1,1,2,Metabolomic_2,7E,No,
HYG_031,Transcriptomic,1,767,F1,2,1,1,3,Transcriptomic_3,4C,No,
HYG_031,Transcriptomic,2,768,F1,2,1,1,3,Transcriptomic_3,5C,No,
HYG_031,Genomic,1,773,F1,2,1,5,2,Genomic_2,4B,No,
HYG_031,Genomic,2,774,F1,2,1,5,2,Genomic_2,5B,No,
HYG_031,Metagenomic,1,779,F1,4,1,1,2,Metagenomic_2,6,No,
HYG_032,Proteomic,1,781,F1,1,1,1,2,Proteomic_2,4B,No,
HYG_032,Proteomic,2,782,F1,1,1,1,2,Proteomic_2,5B,No,
HYG_032,Metabolomic,1,784,F1,3,1,1,2,Metabolomic_2,1F,No,
HYG_032,Metabolomic,2,785,F1,3,1,1,2,Metabolomic_2,2F,No,
HYG_032,Transcriptomic,1,791,F1,2,1,1,3,Transcriptomic_3,1D,No,
HYG_032,Transcriptomic,2,792,F1,2,1,1,3,Transcriptomic_3,2D,No,
HYG_032,Genomic,1,797,F1,2,1,5,2,Genomic_2,7B,No,
HYG_032,Genomic,2,798,F1,2,1,5,2,Genomic_2,8B,No,
HYG_032,Metagenomic,1,803,F1,4,1,1,2,Metagenomic_2,7,No,
HYG_033,Proteomic,1,805,F1,1,1,1,2,Proteomic_2,7B,No,
HYG_033,Proteomic,2,806,F1,1,1,1,2,Proteomic_2,8B,No,
HYG_033,Metabolomic,1,808,F1,3,1,1,2,Metabolomic_2,5F,No,
HYG_033,Metabolomic,2,809,F1,3,1,1,2,Metabolomic_2,6F,No,
HYG_033,Transcriptomic,1,815,F1,2,1,1,3,Transcriptomic_3,7D,No,
HYG_033,Transcriptomic,2,816,F1,2,1,1,3,Transcriptomic_3,8D,No,
HYG_033,Genomic,1,821,F1,2,1,5,2,Genomic_2,1C,No,
HYG_033,Genomic,2,822,F1,2,1,5,2,Genomic_2,2C,No,
HYG_033,Metagenomic,1,827,F1,4,1,1,2,Metagenomic_2,8,No,
HYG_034,Proteomic,1,853,F1,1,1,1,2,Proteomic_2,4C,No,
HYG_034,Proteomic,2,854,F1,1,1,1,2,Proteomic_2,5C,No,
HYG_034,Metabolomic,1,856,F1,3,1,1,2,Metabolomic_2,4G,No,
HYG_034,Metabolomic,2,857,F1,3,1,1,2,Metabolomic_2,5G,No,
HYG_034,Transcriptomic,1,863,F1,2,1,1,3,Transcriptomic_3,1F,No,
HYG_034,Transcriptomic,2,864,F1,2,1,1,3,Transcriptomic_3,2F,No,
HYG_034,Genomic,1,869,F1,2,1,5,2,Genomic_2,7C,No,
HYG_034,Genomic,2,870,F1,2,1,5,2,Genomic_2,8C,No,
HYG_034,Metagenomic,1,875,F1,4,1,1,2,Metagenomic_2,10,No,
HYG_035,Proteomic,1,877,F1,1,1,1,2,Proteomic_2,7C,No,
HYG_035,Proteomic,2,878,F1,1,1,1,2,Proteomic_2,8C,No,
HYG_035,Metabolomic,1,880,F1,3,1,1,2,Metabolomic_2,8G,No,
HYG_035,Metabolomic,2,881,F1,3,1,1,2,Metabolomic_2,9G,No,
HYG_035,Transcriptomic,1,887,F1,2,1,1,3,Transcriptomic_3,7F,No,
HYG_035,Transcriptomic,2,888,F1,2,1,1,3,Transcriptomic_3,8F,No,
HYG_035,Genomic,1,893,F1,2,1,5,2,Genomic_2,1D,No,
HYG_035,Genomic,2,894,F1,2,1,5,2,Genomic_2,2D,No,
HYG_035,Metagenomic,1,899,F1,4,1,1,2,Metagenomic_2,11,No,
HYG_036,Proteomic,1,925,F1,1,1,1,2,Proteomic_2,4D,No,
HYG_036,Proteomic,2,926,F1,1,1,1,2,Proteomic_2,5D,No,
HYG_036,Metabolomic,1,928,F1,3,1,1,2,Metabolomic_2,7H,No,
HYG_036,Metabolomic,2,929,F1,3,1,1,2,Metabolomic_2,8H,No,
HYG_036,Transcriptomic,1,935,F1,2,1,1,3,Transcriptomic_3,1H,No,
HYG_036,Transcriptomic,2,936,F1,2,1,1,3,Transcriptomic_3,2H,No,
HYG_036,Genomic,1,941,F1,2,1,5,2,Genomic_2,7D,No,
HYG_036,Genomic,2,942,F1,2,1,5,2,Genomic_2,8D,No,
HYG_036,Metagenomic,1,947,F1,4,1,1,2,Metagenomic_2,13,No,
HYG_037,Proteomic,1,949,F1,1,1,1,2,Proteomic_2,7D,No,
HYG_037,Proteomic,2,950,F1,1,1,1,2,Proteomic_2,8D,No,
HYG_037,Metabolomic,1,952,F1,3,1,1,2,Metabolomic_2,2I,No,
HYG_037,Metabolomic,2,953,F1,3,1,1,2,Metabolomic_2,3I,No,
HYG_037,Transcriptomic,1,959,F1,2,1,1,3,Transcriptomic_3,7H,No,
HYG_037,Transcriptomic,2,960,F1,2,1,1,3,Transcriptomic_3,8H,No,
HYG_037,Genomic,1,965,F1,2,1,5,2,Genomic_2,1E,No,
HYG_037,Genomic,2,966,F1,2,1,5,2,Genomic_2,2E,No,
HYG_037,Metagenomic,1,971,F1,4,1,1,2,Metagenomic_2,14,No,
HYG_038,Proteomic,1,1093,F1,1,1,1,2,Proteomic_2,7F,No,
HYG_038,Proteomic,2,1094,F1,1,1,1,2,Proteomic_2,8F,No,
HYG_038,Metabolomic,1,1096,F1,3,1,1,3,Metabolomic_3,8B,No,
HYG_038,Metabolomic,2,1097,F1,3,1,1,3,Metabolomic_3,9B,No,
HYG_038,Transcriptomic,1,1103,F1,2,1,1,4,Transcriptomic_4,7C,No,
HYG_038,Transcriptomic,2,1104,F1,2,1,1,4,Transcriptomic_4,8C,No,
HYG_038,Genomic,1,1109,F1,2,1,5,2,Genomic_2,1G,No,
HYG_038,Genomic,2,1110,F1,2,1,5,2,Genomic_2,2G,No,
HYG_038,Metagenomic,1,1115,F1,4,1,1,2,Metagenomic_2,20,No,
HYG_039,Proteomic,1,1117,F1,1,1,1,2,Proteomic_2,1G,No,
HYG_039,Proteomic,2,1118,F1,1,1,1,2,Proteomic_2,2G,No,
HYG_039,Metabolomic,1,1120,F1,3,1,1,3,Metabolomic_3,3C,No,
HYG_039,Metabolomic,2,1121,F1,3,1,1,3,Metabolomic_3,4C,No,
HYG_039,Transcriptomic,1,1127,F1,2,1,1,4,Transcriptomic_4,4D,No,
HYG_039,Transcriptomic,2,1128,F1,2,1,1,4,Transcriptomic_4,5D,No,
HYG_039,Genomic,1,1133,F1,2,1,5,2,Genomic_2,4G,No,
HYG_039,Genomic,2,1134,F1,2,1,5,2,Genomic_2,5G,No,
HYG_039,Metagenomic,1,1139,F1,4,1,1,2,Metagenomic_2,21,No,
HYG_040,Proteomic,1,1189,F1,1,1,1,2,Proteomic_2,1H,No,
HYG_040,Proteomic,2,1190,F1,1,1,1,2,Proteomic_2,2H,No,
HYG_040,Metabolomic,1,1192,F1,3,1,1,3,Metabolomic_3,6D,No,
HYG_040,Metabolomic,2,1193,F1,3,1,1,3,Metabolomic_3,7D,No,
HYG_040,Transcriptomic,1,1199,F1,2,1,1,4,Transcriptomic_4,4F,No,
HYG_040,Transcriptomic,2,1200,F1,2,1,1,4,Transcriptomic_4,5F,No,
HYG_040,Genomic,1,1205,F1,2,1,5,2,Genomic_2,4H,No,
HYG_040,Genomic,2,1206,F1,2,1,5,2,Genomic_2,5H,No,
HYG_040,Metagenomic,1,1211,F1,4,1,1,2,Metagenomic_2,24,No,
HYG_041,Proteomic,1,1261,F1,1,1,1,2,Proteomic_2,1I,No,
HYG_041,Proteomic,2,1262,F1,1,1,1,2,Proteomic_2,2I,No,
HYG_041,Metabolomic,1,1264,F1,3,1,1,3,Metabolomic_3,9E,No,
HYG_041,Metabolomic,2,1265,F1,3,1,1,3,Metabolomic_3,1F,No,
HYG_041,Transcriptomic,1,1271,F1,2,1,1,4,Transcriptomic_4,4H,No,
HYG_041,Transcriptomic,2,1272,F1,2,1,1,4,Transcriptomic_4,5H,No,
HYG_041,Genomic,1,1277,F1,2,1,5,2,Genomic_2,4I,No,
HYG_041,Genomic,2,1278,F1,2,1,5,2,Genomic_2,5I,No,
HYG_041,Metagenomic,1,1283,F1,4,1,1,3,Metagenomic_3,2,No,
HYG_042,Proteomic,1,1285,F1,1,1,1,2,Proteomic_2,4I,No,
HYG_042,Proteomic,2,1286,F1,1,1,1,2,Proteomic_2,5I,No,
HYG_042,Metabolomic,1,1288,F1,3,1,1,3,Metabolomic_3,4F,No,
HYG_042,Metabolomic,2,1289,F1,3,1,1,3,Metabolomic_3,5F,No,
HYG_042,Transcriptomic,1,1295,F1,2,1,1,4,Transcriptomic_4,1I,No,
HYG_042,Transcriptomic,2,1296,F1,2,1,1,4,Transcriptomic_4,2I,No,
HYG_042,Genomic,1,1301,F1,2,1,5,2,Genomic_2,7I,No,
HYG_042,Genomic,2,1302,F1,2,1,5,2,Genomic_2,8I,No,
HYG_042,Metagenomic,1,1307,F1,4,1,1,3,Metagenomic_3,3,No,
HYG_043,Proteomic,1,1309,F1,1,1,1,2,Proteomic_2,7I,No,
HYG_043,Proteomic,2,1310,F1,1,1,1,2,Proteomic_2,8I,No,
HYG_043,Metabolomic,1,1312,F1,3,1,1,3,Metabolomic_3,8F,No,
HYG_043,Metabolomic,2,1313,F1,3,1,1,3,Metabolomic_3,9F,No,
HYG_043,Transcriptomic,1,1319,F1,2,1,1,4,Transcriptomic_4,7I,No,
HYG_043,Transcriptomic,2,1320,F1,2,1,1,4,Transcriptomic_4,8I,No,
HYG_043,Genomic,1,1325,F1,2,1,5,3,Genomic_3,1A,No,
HYG_043,Genomic,2,1326,F1,2,1,5,3,Genomic_3,2A,No,
HYG_043,Metagenomic,1,1331,F1,4,1,1,3,Metagenomic_3,4,No,
HYG_044,Proteomic,1,1333,F1,1,1,1,3,Proteomic_3,1A,No,
HYG_044,Proteomic,2,1334,F1,1,1,1,3,Proteomic_3,2A,No,
HYG_044,Metabolomic,1,1336,F1,3,1,1,3,Metabolomic_3,3G,No,
HYG_044,Metabolomic,2,1337,F1,3,1,1,3,Metabolomic_3,4G,No,
HYG_044,Transcriptomic,1,1343,F1,2,1,1,5,Transcriptomic_5,4A,No,
HYG_044,Transcriptomic,2,1344,F1,2,1,1,5,Transcriptomic_5,5A,No,
HYG_044,Genomic,1,1349,F1,2,1,5,3,Genomic_3,4A,No,
HYG_044,Genomic,2,1350,F1,2,1,5,3,Genomic_3,5A,No,
HYG_044,Metagenomic,1,1355,F1,4,1,1,3,Metagenomic_3,5,No,
HYG_045,Proteomic,1,1357,F1,1,1,1,3,Proteomic_3,4A,No,
HYG_045,Proteomic,2,1358,F1,1,1,1,3,Proteomic_3,5A,No,
HYG_045,Metabolomic,1,1360,F1,3,1,1,3,Metabolomic_3,7G,No,
HYG_045,Metabolomic,2,1361,F1,3,1,1,3,Metabolomic_3,8G,No,
HYG_045,Transcriptomic,1,1367,F1,2,1,1,5,Transcriptomic_5,1B,No,
HYG_045,Transcriptomic,2,1368,F1,2,1,1,5,Transcriptomic_5,2B,No,
HYG_045,Genomic,1,1373,F1,2,1,5,3,Genomic_3,7A,No,
HYG_045,Genomic,2,1374,F1,2,1,5,3,Genomic_3,8A,No,
HYG_045,Metagenomic,1,1379,F1,4,1,1,3,Metagenomic_3,6,No,
HYG_046,Proteomic,1,1381,F1,1,1,1,3,Proteomic_3,7A,No,
HYG_046,Proteomic,2,1382,F1,1,1,1,3,Proteomic_3,8A,No,
HYG_046,Metabolomic,1,1384,F1,3,1,1,3,Metabolomic_3,2H,No,
HYG_046,Metabolomic,2,1385,F1,3,1,1,3,Metabolomic_3,3H,No,
HYG_046,Transcriptomic,1,1391,F1,2,1,1,5,Transcriptomic_5,7B,No,
HYG_046,Transcriptomic,2,1392,F1,2,1,1,5,Transcriptomic_5,8B,No,
HYG_046,Genomic,1,1397,F1,2,1,5,3,Genomic_3,1B,No,
HYG_046,Genomic,2,1398,F1,2,1,5,3,Genomic_3,2B,No,
HYG_046,Metagenomic,1,1403,F1,4,1,1,3,Metagenomic_3,7,No,
HYG_047,Proteomic,1,1405,F1,1,1,1,3,Proteomic_3,1B,No,
HYG_047,Proteomic,2,1406,F1,1,1,1,3,Proteomic_3,2B,No,
HYG_047,Metabolomic,1,1408,F1,3,1,1,3,Metabolomic_3,6H,No,
HYG_047,Metabolomic,2,1409,F1,3,1,1,3,Metabolomic_3,7H,No,
HYG_047,Transcriptomic,1,1415,F1,2,1,1,5,Transcriptomic_5,4C,No,
HYG_047,Transcriptomic,2,1416,F1,2,1,1,5,Transcriptomic_5,5C,No,
HYG_047,Genomic,1,1421,F1,2,1,5,3,Genomic_3,4B,No,
HYG_047,Genomic,2,1422,F1,2,1,5,3,Genomic_3,5B,No,
HYG_047,Metagenomic,1,1427,F1,4,1,1,3,Metagenomic_3,8,No,
HYG_048,Proteomic,1,1429,F1,1,1,1,3,Proteomic_3,4B,No,
HYG_048,Proteomic,2,1430,F1,1,1,1,3,Proteomic_3,5B,No,
HYG_048,Metabolomic,1,1432,F1,3,1,1,3,Metabolomic_3,1I,No,
HYG_048,Metabolomic,2,1433,F1,3,1,1,3,Metabolomic_3,2I,No,
HYG_048,Transcriptomic,1,1439,F1,2,1,1,5,Transcriptomic_5,1D,No,
HYG_048,Transcriptomic,2,1440,F1,2,1,1,5,Transcriptomic_5,2D,No,
HYG_048,Genomic,1,1445,F1,2,1,5,3,Genomic_3,7B,No,
HYG_048,Genomic,2,1446,F1,2,1,5,3,Genomic_3,8B,No,
HYG_048,Metagenomic,1,1451,F1,4,1,1,3,Metagenomic_3,9,No,
HYG_049,Proteomic,1,1453,F1,1,1,1,3,Proteomic_3,7B,No,
HYG_049,Proteomic,2,1454,F1,1,1,1,3,Proteomic_3,8B,No,
HYG_049,Metabolomic,1,1456,F1,3,1,1,3,Metabolomic_3,5I,No,
HYG_049,Metabolomic,2,1457,F1,3,1,1,3,Metabolomic_3,6I,No,
HYG_049,Transcriptomic,1,1463,F1,2,1,1,5,Transcriptomic_5,7D,No,
HYG_049,Transcriptomic,2,1464,F1,2,1,1,5,Transcriptomic_5,8D,No,
HYG_049,Genomic,1,1469,F1,2,1,5,3,Genomic_3,1C,No,
HYG_049,Genomic,2,1470,F1,2,1,5,3,Genomic_3,2C,No,
HYG_049,Metagenomic,1,1475,F1,4,1,1,3,Metagenomic_3,10,No,
HYG_050,Proteomic,1,1477,F1,1,1,1,3,Proteomic_3,1C,No,
HYG_050,Proteomic,2,1478,F1,1,1,1,3,Proteomic_3,2C,No,
HYG_050,Metabolomic,1,1480,F1,3,1,1,3,Metabolomic_3,9I,No,
HYG_050,Metabolomic,2,1481,F1,3,1,1,4,Metabolomic_4,1A,No,
HYG_050,Transcriptomic,1,1487,F1,2,1,1,5,Transcriptomic_5,4E,No,
HYG_050,Transcriptomic,2,1488,F1,2,1,1,5,Transcriptomic_5,5E,No,
HYG_050,Genomic,1,1493,F1,2,1,5,3,Genomic_3,4C,No,
HYG_050,Genomic,2,1494,F1,2,1,5,3,Genomic_3,5C,No,
HYG_050,Metagenomic,1,1499,F1,4,1,1,3,Metagenomic_3,11,No,
HYG_051,Proteomic,1,1549,F1,1,1,1,3,Proteomic_3,1D,No,
HYG_051,Proteomic,2,1550,F1,1,1,1,3,Proteomic_3,2D,No,
HYG_051,Metabolomic,1,1552,F1,3,1,1,4,Metabolomic_4,3B,No,
HYG_051,Metabolomic,2,1553,F1,3,1,1,4,Metabolomic_4,4B,No,
HYG_051,Transcriptomic,1,1559,F1,2,1,1,5,Transcriptomic_5,4G,No,
HYG_051,Transcriptomic,2,1560,F1,2,1,1,5,Transcriptomic_5,5G,No,
HYG_051,Genomic,1,1565,F1,2,1,5,3,Genomic_3,4D,No,
HYG_051,Genomic,2,1566,F1,2,1,5,3,Genomic_3,5D,No,
HYG_051,Metagenomic,1,1571,F1,4,1,1,3,Metagenomic_3,14,No,
HYG_052,Proteomic,1,1573,F1,1,1,1,3,Proteomic_3,4D,No,
HYG_052,Proteomic,2,1574,F1,1,1,1,3,Proteomic_3,5D,No,
HYG_052,Metabolomic,1,1576,F1,3,1,1,4,Metabolomic_4,7B,No,
HYG_052,Metabolomic,2,1577,F1,3,1,1,4,Metabolomic_4,8B,No,
HYG_052,Transcriptomic,1,1583,F1,2,1,1,5,Transcriptomic_5,1H,No,
HYG_052,Transcriptomic,2,1584,F1,2,1,1,5,Transcriptomic_5,2H,No,
HYG_052,Genomic,1,1589,F1,2,1,5,3,Genomic_3,7D,No,
HYG_052,Genomic,2,1590,F1,2,1,5,3,Genomic_3,8D,No,
HYG_052,Metagenomic,1,1595,F1,4,1,1,3,Metagenomic_3,15,No,
HYG_053,Proteomic,1,1597,F1,1,1,1,3,Proteomic_3,7D,No,
HYG_053,Proteomic,2,1598,F1,1,1,1,3,Proteomic_3,8D,No,
HYG_053,Metabolomic,1,1600,F1,3,1,1,4,Metabolomic_4,2C,No,
HYG_053,Metabolomic,2,1601,F1,3,1,1,4,Metabolomic_4,3C,No,
HYG_053,Transcriptomic,1,1607,F1,2,1,1,5,Transcriptomic_5,7H,No,
HYG_053,Transcriptomic,2,1608,F1,2,1,1,5,Transcriptomic_5,8H,No,
HYG_053,Genomic,1,1613,F1,2,1,5,3,Genomic_3,1E,No,
HYG_053,Genomic,2,1614,F1,2,1,5,3,Genomic_3,2E,No,
HYG_053,Metagenomic,1,1619,F1,4,1,1,3,Metagenomic_3,16,No,
HYG_054,Proteomic,1,1621,F1,1,1,1,3,Proteomic_3,1E,No,
HYG_054,Proteomic,2,1622,F1,1,1,1,3,Proteomic_3,2E,No,
HYG_054,Metabolomic,1,1624,F1,3,1,1,4,Metabolomic_4,6C,No,
HYG_054,Metabolomic,2,1625,F1,3,1,1,4,Metabolomic_4,7C,No,
HYG_054,Transcriptomic,1,1631,F1,2,1,1,5,Transcriptomic_5,4I,No,
HYG_054,Transcriptomic,2,1632,F1,2,1,1,5,Transcriptomic_5,5I,No,
HYG_054,Genomic,1,1637,F1,2,1,5,3,Genomic_3,4E,No,
HYG_054,Genomic,2,1638,F1,2,1,5,3,Genomic_3,5E,No,
HYG_054,Metagenomic,1,1643,F1,4,1,1,3,Metagenomic_3,17,No,
HYG_055,Proteomic,1,1789,F1,1,1,1,3,Proteomic_3,4G,No,
HYG_055,Proteomic,2,1790,F1,1,1,1,3,Proteomic_3,5G,No,
HYG_055,Metabolomic,1,1792,F1,3,1,1,4,Metabolomic_4,7F,No,
HYG_055,Metabolomic,2,1793,F1,3,1,1,4,Metabolomic_4,8F,No,
HYG_055,Transcriptomic,1,1799,F1,2,1,2,1,Transcriptomic_6,1E,No,
HYG_055,Transcriptomic,2,1800,F1,2,1,2,1,Transcriptomic_6,2E,No,
HYG_055,Genomic,1,1805,F1,2,1,5,3,Genomic_3,7G,No,
HYG_055,Genomic,2,1806,F1,2,1,5,3,Genomic_3,8G,No,
HYG_055,Metagenomic,1,1811,F1,4,1,1,3,Metagenomic_3,24,No,
HYG_056,Proteomic,1,1837,F1,1,1,1,3,Proteomic_3,1H,No,
HYG_056,Proteomic,2,1838,F1,1,1,1,3,Proteomic_3,2H,No,
HYG_056,Metabolomic,1,1840,F1,3,1,1,4,Metabolomic_4,6G,No,
HYG_056,Metabolomic,2,1841,F1,3,1,1,4,Metabolomic_4,7G,No,
HYG_056,Transcriptomic,1,1847,F1,2,1,2,1,Transcriptomic_6,4F,No,
HYG_056,Transcriptomic,2,1848,F1,2,1,2,1,Transcriptomic_6,5F,No,
HYG_056,Genomic,1,1853,F1,2,1,5,3,Genomic_3,4H,No,
HYG_056,Genomic,2,1854,F1,2,1,5,3,Genomic_3,5H,No,
HYG_056,Metagenomic,1,1859,F1,4,1,1,4,Metagenomic_4,1,No,
HYG_058,Proteomic,1,2077,F1,1,1,1,4,Proteomic_4,4B,No,
HYG_058,Proteomic,2,2078,F1,1,1,1,4,Proteomic_4,5B,No,
HYG_058,Metabolomic,1,2080,F1,3,1,1,5,Metabolomic_5,1C,No,
HYG_058,Metabolomic,2,2081,F1,3,1,1,5,Metabolomic_5,2C,No,
HYG_058,Transcriptomic,1,2087,F1,2,1,2,2,Transcriptomic_7,1D,No,
HYG_058,Transcriptomic,2,2088,F1,2,1,2,2,Transcriptomic_7,2D,No,
HYG_058,Genomic,1,2093,F1,2,1,5,4,Genomic_4,7B,No,
HYG_058,Genomic,2,2094,F1,2,1,5,4,Genomic_4,8B,No,
HYG_058,Metagenomic,1,2099,F1,4,1,1,4,Metagenomic_4,11,No,
HYG_057,Proteomic,1,2101,F1,1,1,1,4,Proteomic_4,7B,No,
HYG_057,Proteomic,2,2102,F1,1,1,1,4,Proteomic_4,8B,No,
HYG_057,Metabolomic,1,2104,F1,3,1,1,5,Metabolomic_5,5C,No,
HYG_057,Metabolomic,2,2105,F1,3,1,1,5,Metabolomic_5,6C,No,
HYG_057,Transcriptomic,1,2111,F1,2,1,2,2,Transcriptomic_7,7D,No,
HYG_057,Transcriptomic,2,2112,F1,2,1,2,2,Transcriptomic_7,8D,No,
HYG_057,Genomic,1,2117,F1,2,1,5,4,Genomic_4,1C,No,
HYG_057,Genomic,2,2118,F1,2,1,5,4,Genomic_4,2C,No,
HYG_057,Metagenomic,1,2123,F1,4,1,1,4,Metagenomic_4,12,No,
HYG_059,Proteomic,1,2197,F1,1,1,1,4,Proteomic_4,1D,No,
HYG_059,Proteomic,2,2198,F1,1,1,1,4,Proteomic_4,2D,No,
HYG_059,Metabolomic,1,2200,F1,3,1,1,5,Metabolomic_5,3E,No,
HYG_059,Metabolomic,2,2201,F1,3,1,1,5,Metabolomic_5,4E,No,
HYG_059,Transcriptomic,1,2207,F1,2,1,2,2,Transcriptomic_7,4G,No,
HYG_059,Transcriptomic,2,2208,F1,2,1,2,2,Transcriptomic_7,5G,No,
HYG_059,Genomic,1,2213,F1,2,1,5,4,Genomic_4,4D,No,
HYG_059,Genomic,2,2214,F1,2,1,5,4,Genomic_4,5D,No,
HYG_059,Metagenomic,1,2219,F1,4,1,1,4,Metagenomic_4,16,No,
HYG_060,Proteomic,1,2245,F1,1,1,1,4,Proteomic_4,7D,No,
HYG_060,Proteomic,2,2246,F1,1,1,1,4,Proteomic_4,8D,No,
HYG_060,Metabolomic,1,2248,F1,3,1,1,5,Metabolomic_5,2F,No,
HYG_060,Metabolomic,2,2249,F1,3,1,1,5,Metabolomic_5,3F,No,
HYG_060,Transcriptomic,1,2255,F1,2,1,2,2,Transcriptomic_7,7H,No,
HYG_060,Transcriptomic,2,2256,F1,2,1,2,2,Transcriptomic_7,8H,No,
HYG_060,Genomic,1,2261,F1,2,1,5,4,Genomic_4,1E,No,
HYG_060,Genomic,2,2262,F1,2,1,5,4,Genomic_4,2E,No,
HYG_060,Metagenomic,1,2267,F1,4,1,1,4,Metagenomic_4,18,No,
HYG_061,Proteomic,1,2293,F1,1,1,1,4,Proteomic_4,4E,No,
HYG_061,Proteomic,2,2294,F1,1,1,1,4,Proteomic_4,5E,No,
HYG_061,Metabolomic,1,2296,F1,3,1,1,5,Metabolomic_5,1G,No,
HYG_061,Metabolomic,2,2297,F1,3,1,1,5,Metabolomic_5,2G,No,
HYG_061,Transcriptomic,1,2303,F1,2,1,2,3,Transcriptomic_8,1A,No,
HYG_061,Transcriptomic,2,2304,F1,2,1,2,3,Transcriptomic_8,2A,No,
HYG_061,Genomic,1,2309,F1,2,1,5,4,Genomic_4,7E,No,
HYG_061,Genomic,2,2310,F1,2,1,5,4,Genomic_4,8E,No,
HYG_061,Metagenomic,1,2315,F1,4,1,1,4,Metagenomic_4,20,No,
